gender;first_name;last_name;date_of_birth;accountid
male;Rufus;Faust;27.10.1991;274566
male;David;Humphrey;16.03.1999;506214
male;Phillipp;Lion;25.10.1935;375731
female;Katharina;Holmes;18.09.1970;238010
female;Jessica;Bayer;09.08.1966;195180
female;Anne;Smith;21.01.1940;570326
female;Nadine;Kohl;15.09.1996;100142
female;Diana;Hudson;26.05.1941;959282
male;Michael;Black;05.08.1966;721088
female;Jessika;Unger;31.10.1939;345840
male;Marcel;Kohler;03.06.1945;808974
male;Thorsten;Meister;02.07.1997;760471
female;Christina;Engel;11.03.1946;703261
female;Johanna;Biermann;09.01.1974;973459
male;Christian;Kunze;15.12.1986;231729
male;John;Freud;24.11.1997;763914
male;Dieter;malemann;03.12.1971;904305
female;Heike;Hoffmann;05.05.1992;310829
